Accidente en el Vallado frente al polideportivo; 2 motos y un bus #Tr√°ficoCali #Cali  https://t.co/SXtotJzir0
Vitor Belfort abruma a Evander Holyfield en la victoria por nocaut t√©cnico en el primer asalto  https://t.co/b5S3U0XE2w  https://t.co/HoV6xdMfjZ
"En M√©xico, las estad√≠sticas de violencia homicida y de inseguridad est√°n en alza casi constante desde 2006.   La pol√≠tica p√∫blica no ha encontrado la soluci√≥n a la violencia. ¬øPor qu√© est√°n funcionando las estrategias de seguridad?    ‚úçüèª @romainlecour  https://t.co/2kOc58Ky3V  https://t.co/qrQ5K1gKP4"
"Como Jorge Armando Ayala Guar√≠n de  25 a√±os, fue identificada la persona asesinada por dos venezolanos en #Piedecuesta . #Santander. Los responsables de este homicidio fueron identificados como Alberto Rafael Sala Figueroa y Edgardo Rafael Garcia Goita.  https://t.co/BPHm0Kj9Ji  https://t.co/wOR9GbcJ5u"
Quebrar un vidrio ///// Quebrar el pa√≠s a plomo y asalto.   En fin... La berraquera mi Colombia.  https://t.co/PATYP4tLuD
"#EsNoticia üìå En aparente estado de embriaguez,el empresario Rafael Vives Cabello, ser√≠a responsable del tr√°gico accidente de tr√°nsito que se present√≥ en la madrugada de este lunes en Santa Marta.  https://t.co/VzzpVpJ7IY"
@DiloneMarrero Por √∫ltimo ponga la queja en CNN en espa√±ol que nada m√°s recoge a PRMistas ligado al Narcotrafico y lavado de dinero de droga.  Pongan la queja y luego hablamos. Busque que diarios recojan esto de PLDistas o su gobierno.  https://t.co/SRt2QP6Xww
"174 aniversario de la Gesta Heroica de los Ni√±os H√©roes de Chapultepec. Con orgullo, coraje y dignidad resguardaron el Castillo de Chapultepec frente al asalto de tropas invasoras.  #ChiapasSinCorrupci√≥n  https://t.co/RQyhCTa9Xy"
SigAlert en Lake Elsinore. En la I-15 norte cerca de Lake St. Los carriles # 2 y # 3 est√°n cerrados por una duraci√≥n desconocida debido a un accidente de tr√°fico.  https://t.co/i8muQMroSq
LO √öLTIMO Al menos dos personas resultaron heridas tras accidente de tr√°nsito entre un veh√≠culo tipo pick up y una motocicleta.  El hecho de tr√°nsito se registr√≥ a la altura de la aldea Chiyuc de San Crist√≥bal Verapaz.  https://t.co/8ENfu2ysJU
@javiertarazona de @FundaREDES_ en conversaci√≥n con El Tiempo de Bogot√° @BogotaET denuncia un nuevo secuestro de militares venezolanos por parte de los grupos armados irregulares que se disputan el control del territorio en la zona fronteriza del estado #Apure #60DiasDeConflicto  https://t.co/b98nwUAaw6
"El ministro de seguridad @RamirezLan asegura que las investigaciones sobre el asesinato del padre Cecilio P√©rez, avanzan considerablemente y no descarta que el escrito encontrado en la escena sea una forma de distracci√≥n para las autoridades. @Teleprensa33  https://t.co/9a1lBImCDf"
(#VIDEO) üî¥ #INSEGURIDAD EN #LAMATANZA üì£ Nuevo #asalto violento para sustraerle la camioneta y los vecinos viven atemorizados por la ola de #robos‚Äº / Infocom La Matanza #RafaelCastillo Ver video üëáüëáüëáüëáüëáüëáüëá  https://t.co/YEVtZJvG7j  https://t.co/ow0FvtTovq
"Los hermanos Uribe Noguera consultaron con varios abogados, llegaron a comprar aceite para sumergir el cuerpo de Yuliana xa desaparecer evidencias y ADN, ingresaron a Rafael por drogas y crisis de salud mental xa evadir el secuestro, violaci√≥n y asesinato de Yuliana  https://t.co/Xewq9Oi5yC"
"Ellos tienen armas de fuego, nosotras fuego en el almaüî• y si tocan a una RESPONDEMOS TODAS!! Una agenda que se manifiesta en contra de la violencia y represi√≥n policial que toma el cuerpo de las mujeres como bot√≠n de guerra. Propuesta liderada desde las nuevas generaciones ‚úäüèª‚úäüèΩ  https://t.co/Y3CX8EHFyM"
DEJAN EN PRISI√ìN A 'ASALTA-TAXISTA' DE AGS  #Aguascalientes #Asalto #Vinculaci√≥nAProceso    https://t.co/nqf3ztgjbJ  https://t.co/NmpdnKTaP6
"Mientras el gobierno est√° entre la espada y la pared, pues ya se comienza a cuestionar su legalidad por su v√≠nculo con #narcotrafico los infelices est√°n siendo atropellados y desalojados como esta anciana que grita auxilio en Palacio Nacional  https://t.co/KrO6Qj8e1s"
"Sigue Accidente de 18 ruedas bloquea el carril derecho en #Lewisville en I-35E SB en Hwy 121 Sam Rayburn Tollway, tr√°fico detenido de regreso a FM 3040 / Round Grove Rd / Hebron Pkwy  https://t.co/f5TPMx3ZiD"
Accidente en Perif√©rico Pte. Manuel G√≥mez Mor√≠n #TraficoACIRGuadalajara. Tr√°fico avanzando27m m√°s lento de lo habitual.  https://t.co/hzH5ykT158  https://t.co/NfwxOGaLTF
"#174ANIVERSARIO El 13 de septiembre de 1847, los Ni√±os H√©roes nos dieron una lecci√≥n de orgullo, coraje y dignidad, al resguardar el Castillo de #Chapultepec frente al asalto de tropas invasoras.  https://t.co/AKv5SGYy8P"
"üîµ#LaLibertad. Ever Alexander Garc√≠a, quien ocasion√≥ un accidente en el desv√≠o de San Juan Opico hacia el municipio de Quezaltepeque, cuando realiz√≥ un viraje indebido, ocasionando lesiones y da√±os materiales.  Ser√° remitido por el delito de lesiones culposas.  https://t.co/i1VuIbg0hN"
"#SeguridadyJusticia Autob√∫s de transporte p√∫blico protagoniz√≥ aparatoso accidente esta ma√±ana en las inmediaciones del fraccionamiento Real Ibiza, Playa del Carmen. Se estrell√≥ y aplast√≥ un auto particular tras esquivar a  motociclista, 4 lesionados, entre ellos una embarazada.  https://t.co/inaoZRyxwc"
"En caso de violencia contra ni√±as, ni√±os y adolescentes al interior del hogar, llama a la l√≠nea de emergencia 9-1-1 o a la Procuradur√≠a de Protecci√≥n de Ni√±as, Ni√±os y Adolescentes en el estado.  https://t.co/vVShAlvE6r"
Accidente en Bogot√°-Mosquera / RN50-08A &gt;Oriente #traficobogota. Tr√°fico avanzando1h 7m m√°s lento de lo habitual.  https://t.co/Bv3qqTFD8B  https://t.co/tdFlkioxjK
#Ent√©rate #Oaxaca / Reporte ciudadano. Se registra un fuerte accidente antes del paso a desnivel de 5 se√±ores. #EnlaceCiudadanoNoticias  https://t.co/Oax87KZ3Vh
"#2Septiembre | Policia Nacional de #Nicaragua presenta a 16 sujetos que fueron capturados en el Dpto de Chinandega por cometer delitos como;robo con intimidaci√≥n,robo con fuerza, tr√°fico de drogas y delitos contra la Mujer  #JuntoALaComunidad #2021SoberaniaEnMiTierra @vppolicial  https://t.co/i9OikTnN5b"
"Un hombre fue Ejecutado en cami√≥n urbano en el Z√≥calo de Acapulco, no cesa la violencia en este puerto tur√≠stico, ante la complacencia gubernamental.@ultimas_de @SSPGro  https://t.co/6qphC8lTJ3  https://t.co/PKHae22s2h"
"Recuerde que la l√≠nea de atenci√≥n 165 de @GaulaPolicia, se encuentra disponible las 24 horas para atender sus denuncias frente a los hechos de extorsi√≥n y secuestro. #YoNoPagoYoDenuncio.  https://t.co/LpMeZO0Gdc"
Acusan a mayor de la Polic√≠a por muerte de joven de 19 a√±os en el paro. Audiencia preparatoria por homicidio de Santiago Murillo seguir√° en noviembre. Le contamos los detalles ‚û°Ô∏è   https://t.co/12uXGvoNaf  https://t.co/DyLLxTO3EZ
"Citas #FGJCDMX para seguimiento y tr√°mites en Cuarto Piso: Fiscal√≠a de Procesos Juzgados Civiles, Juzgados Familiares, Mediaci√≥n de Justicia, Mandamientos Judiciales, Procesos Juzgados Delitos No Graves, Fiscal√≠a de Violencia Familiar.  https://t.co/VBOjm31OEn  https://t.co/ZpBnXmMnh3"
"#Precauci√≥nVial en #Puebla se registra cierre parcial de circulaci√≥n por accidente, aproximadamente en el km 136+550 autopista (2100) Puebla-C√≥rdoba, mismo tramo, direcci√≥n C√≥rdoba. Atienda indicaci√≥n vial  https://t.co/T8GVxVJt1G"
"Unos dos millones de personas perdieron la vida en 2016 en un accidente laboral o por una enfermedad profesional, un tipo de decesos que no ha dejado de aumentar desde el 2000 y podr√≠an acentuarse con la pandemia de covid-19 #V√≠aAFP  https://t.co/tvRym7Bk5Q"
"#Precauci√≥nVial en #Tamaulipas se registra cierre de circulaci√≥n por accidente, aproximadamente en el km 023+200 carretera (2760) Urracas Ent. Matamoros- Reynosa, mismo tramo. #RutaAlterna camino de terracer√≠a paralelo a la carretera. Atienda indicaci√≥n vial.  https://t.co/NVS1Ixk6ny"
"@Soy_Militar sonar√° feo, pero si estos son los migrantes que van a entrar al pa√≠s prefiero que los saque ahora la GN a qu√© los tengan que combatir a balazos despu√©s de que los reclute el cr√≠men organizado y el narcotr√°fico, al qu√© tanta guerra hizo @FelipeCalderon  https://t.co/SSw0c7ZxaA"
"@AABenedetti es un sujeto siniestro el del partido de la U debe saber todos los torcidos de su amo @JuanManSantos @RoyBarreras ex fiscal Nestor h. martinez y Luis Carlos Sarmiento, la mermelada de la campa√±a presidencial, Odebreths, asesinato ING. Pizano y su hijo, torcido FARC  https://t.co/XslpHhPWUE"
"#Inf√≥rmate | Recuperan veh√≠culo robado con violencia en #Escobedo  Elementos de la polic√≠a de Escobedo, atendieron un reporte de robo de un veh√≠culo en las calles de Fuente de Trevi y Fuente de la Luz en la Colonia Fuentes de Escobedo. üëá  https://t.co/NT0ONl6rvF  https://t.co/iSej9DgVFA"
"#Seguridad üö® Elementos de la PID detienen a 3 en San Juan del R√≠o, relacionados con robo de veh√≠culo  Tras una persecuci√≥n y sin que ninguna persona resultara con lesiones graves o que pongan en riesgo su vida, se logr√≥ el aseguramiento.  üëâüèº https://t.co/OzrpVAX9CR  https://t.co/QC2q7RfuhG"
üò±Fiscal√≠a de CDMX investiga presunto robo de 52 mdp a empresa fantasma vinculada a exfuncionario de Hacienda  La notaüëá  https://t.co/nzaHh7uS3H  https://t.co/hfi0gOGuhg
Accidente grave en MEX-15 / Guadalajara - Tepic #TraficoACIRGuadalajara. Tr√°fico avanzando 1h 21m m√°s lento de lo habitual.  https://t.co/rZ3S1uaA5R  https://t.co/o4CU970ITe
"#TraficoSV | Se reporta accidente de tr√°nsito sobre el Bulevar Constituci√≥n en San Salvador. Hay al menos una persona fallecida, reporta, @RED_Informa_SV.  https://t.co/MOROG7EZcG"
"üö®üëÆ‚Äç‚ôÇÔ∏èAtenci√≥nüëÆ‚Äç‚ôÇÔ∏èüö®  Hace pocos minutos se present√≥ un accidente de tr√°nsito en la Calle 25 con Autopista sur, en le hecho un taxi termina volcado sobre la v√≠a @MovilidadCali se desplaza para atender el caso #Cali #YaCelacanto  https://t.co/aIaKPGLJZI"
"El control de tu veh√≠culo en la palma de tu mano, estos y m√°s veneficios puedes tener con este novedoso sistema; 'GPS' que te ayudar√° a disminuir la posiblidad de un robo.   #GS3 #SeguridadVeh√≠cular #GPS #ControlVehicular  https://t.co/U8ccNMOhWV"
Ya se tiene identificado al responsable del accidente del Mercedes Benz en el que murieron dos personas en una llantera frente a la Central Camionera en la ciudad de #Durango: @DgoFiscalia... #LobosCadena7  https://t.co/Qdy8L5pfdM
"Salvar el fuego. @G_Arriaga premio Alfaguara 2020. La trama se narra desde puntos de vista de distintos personajes. Nos sumerje en un M√©xico violento, a trav√©s del narcotrafico, un M√©xico art√≠stico, reflejado en la danza, y de como esos dos mundos distantes pueden acercarse.  https://t.co/VOocRo3atj"
El Gobierno destina este a√±o casi 500.000 euros para erradicar la violencia contra las mujeres en Zamora  https://t.co/KRWsttHu2Z  https://t.co/E94TuC6gI8
"Dos polic√≠as municipales de Manzanillo quedaron vinculados a proceso por estar implicados en el secuestro y feminicidio de una joven de 19 a√±os, as√≠ lo confirm√≥ la Fiscal√≠a General de Colima.  https://t.co/dzupKy1Uvt  https://t.co/kQjgCO0mjG"
el suicidio es un evento inesperado y multicausal que revela lo mucho que los sistemas de salud tienen por hacer en el terreno de la salud mental; la tasa de mortalidad por suicidio en la #CDMX es de 4.7 por cada 100 mil habitantes (+)  https://t.co/Y3qrSvmrag  https://t.co/15tJtjZMgA
"#Precauci√≥nVial en #Jalisco se registra cierre parcial de circulaci√≥n por accidente, aproximadamente en el km 025+800 autopista (54-D) Acatl√°n de Ju√°rez-Colima, mismo tramo, direcci√≥n Guadalajara. Atienda indicaci√≥n vial.  https://t.co/7x5IgJaAOO"
"üÜò De acuerdo con cifras oficiales, la violencia en contra de las mujeres por parte de su pareja üìà hasta un 100%. Dejemos de normalizar la violencia.üÜò  https://t.co/7cTcYCfum5"
Hamilton despu√©s del accidente #F1  https://t.co/Vj0EuFTELu
